[
{
	"uri": "//localhost:1313/1-introduce/",
	"title": "",
	"tags": [],
	"description": "",
	"content": ""
},
{
	"uri": "//localhost:1313/2-prerequiste/",
	"title": "",
	"tags": [],
	"description": "",
	"content": ""
},
{
	"uri": "//localhost:1313/",
	"title": "",
	"tags": [],
	"description": "",
	"content": ""
},
{
	"uri": "//localhost:1313/categories/",
	"title": "Categories",
	"tags": [],
	"description": "",
	"content": ""
},
{
	"uri": "//localhost:1313/tags/",
	"title": "Tags",
	"tags": [],
	"description": "",
	"content": ""
}]