<?xml version="1.0" encoding="utf-8" standalone="yes"?>
<rss version="2.0" xmlns:atom="http://www.w3.org/2005/Atom">
  <channel>
    <title>Using EKS Pod Identity on TERRAFORM ON AWS WORKSHOP</title>
    <link>//localhost:1313/vi/4-amazon-eks-pod-identity/4.4-using-eks-pod-identity/</link>
    <description>Recent content in Using EKS Pod Identity on TERRAFORM ON AWS WORKSHOP</description>
    <generator>Hugo</generator>
    <language>vi</language>
    <atom:link href="//localhost:1313/vi/4-amazon-eks-pod-identity/4.4-using-eks-pod-identity/index.xml" rel="self" type="application/rss+xml" />
  </channel>
</rss>
