<?xml version="1.0" encoding="utf-8" standalone="yes"?>
<rss version="2.0" xmlns:atom="http://www.w3.org/2005/Atom">
  <channel>
    <title>External Secrets Operator on TERRAFORM ON AWS WORKSHOP</title>
    <link>//localhost:1313/vi/5-secrets-management/5.2-managing-secrets-with-aws-secrets-manager/5.2.4-external-secrets-operator/</link>
    <description>Recent content in External Secrets Operator on TERRAFORM ON AWS WORKSHOP</description>
    <generator>Hugo</generator>
    <language>vi</language>
    <atom:link href="//localhost:1313/vi/5-secrets-management/5.2-managing-secrets-with-aws-secrets-manager/5.2.4-external-secrets-operator/index.xml" rel="self" type="application/rss+xml" />
  </channel>
</rss>
