<?xml version="1.0" encoding="utf-8" standalone="yes"?>
<rss version="2.0" xmlns:atom="http://www.w3.org/2005/Atom">
  <channel>
    <title>Quản lý khoá niêm phong on TERRAFORM ON AWS WORKSHOP</title>
    <link>//localhost:1313/vi/5-secrets-management/5.3-securing-secrets-using-sealed-secrets/5.3.4-managing-the-sealing-key/</link>
    <description>Recent content in Quản lý khoá niêm phong on TERRAFORM ON AWS WORKSHOP</description>
    <generator>Hugo</generator>
    <language>vi</language>
    <atom:link href="//localhost:1313/vi/5-secrets-management/5.3-securing-secrets-using-sealed-secrets/5.3.4-managing-the-sealing-key/index.xml" rel="self" type="application/rss+xml" />
  </channel>
</rss>
