<?xml version="1.0" encoding="utf-8" standalone="yes"?>
<rss version="2.0" xmlns:atom="http://www.w3.org/2005/Atom">
  <channel>
    <title>Liệt kê tài nguyên on TERRAFORM ON AWS WORKSHOP</title>
    <link>//localhost:1313/vi/3-iam-roles-for-service-accounts/3.1-list-resource/</link>
    <description>Recent content in Liệt kê tài nguyên on TERRAFORM ON AWS WORKSHOP</description>
    <generator>Hugo</generator>
    <language>vi</language>
    <atom:link href="//localhost:1313/vi/3-iam-roles-for-service-accounts/3.1-list-resource/index.xml" rel="self" type="application/rss+xml" />
  </channel>
</rss>
