<?xml version="1.0" encoding="utf-8" standalone="yes"?>
<rss version="2.0" xmlns:atom="http://www.w3.org/2005/Atom">
  <channel>
    <title>Workloads on TERRAFORM ON AWS WORKSHOP</title>
    <link>/vi/3-view-resources-in-eks-console/3.1-workloads/</link>
    <description>Recent content in Workloads on TERRAFORM ON AWS WORKSHOP</description>
    <generator>Hugo -- gohugo.io</generator>
    <language>vi</language>
    <atom:link href="/vi/3-view-resources-in-eks-console/3.1-workloads/index.xml" rel="self" type="application/rss+xml" />
  </channel>
</rss>
