<?xml version="1.0" encoding="utf-8" standalone="yes"?>
<rss version="2.0" xmlns:atom="http://www.w3.org/2005/Atom">
  <channel>
    <title>1-Introduces on TERRAFORM ON AWS WORKSHOP</title>
    <link>/1-introduce/</link>
    <description>Recent content in 1-Introduces on TERRAFORM ON AWS WORKSHOP</description>
    <generator>Hugo -- gohugo.io</generator>
    <language>en</language>
    <atom:link href="/1-introduce/index.xml" rel="self" type="application/rss+xml" />
  </channel>
</rss>
