<?xml version="1.0" encoding="utf-8" standalone="yes"?>
<rss version="2.0" xmlns:atom="http://www.w3.org/2005/Atom">
  <channel>
    <title>Categories on Kubernetes - EKS Workshop</title>
    <link>//localhost:1313/vi/categories/</link>
    <description>Recent content in Categories on Kubernetes - EKS Workshop</description>
    <generator>Hugo</generator>
    <language>vi</language>
    <atom:link href="//localhost:1313/vi/categories/index.xml" rel="self" type="application/rss+xml" />
  </channel>
</rss>
