<?xml version="1.0" encoding="utf-8" standalone="yes"?>
<rss version="2.0" xmlns:atom="http://www.w3.org/2005/Atom">
  <channel>
    <title>Truy cập Grafana on TERRAFORM ON AWS WORKSHOP</title>
    <link>/vi/5-eks-open-source-observability/5.3-accessing-grafana/</link>
    <description>Recent content in Truy cập Grafana on TERRAFORM ON AWS WORKSHOP</description>
    <generator>Hugo -- gohugo.io</generator>
    <language>vi</language>
    <atom:link href="/vi/5-eks-open-source-observability/5.3-accessing-grafana/index.xml" rel="self" type="application/rss+xml" />
  </channel>
</rss>
