<?xml version="1.0" encoding="utf-8" standalone="yes"?>
<rss version="2.0" xmlns:atom="http://www.w3.org/2005/Atom">
  <channel>
    <title>Xác thực (Authentication) on TERRAFORM ON AWS WORKSHOP</title>
    <link>//localhost:1313/vi/1-introduce/1.2-authentication/</link>
    <description>Recent content in Xác thực (Authentication) on TERRAFORM ON AWS WORKSHOP</description>
    <generator>Hugo</generator>
    <language>vi</language>
    <atom:link href="//localhost:1313/vi/1-introduce/1.2-authentication/index.xml" rel="self" type="application/rss+xml" />
  </channel>
</rss>
