<?xml version="1.0" encoding="utf-8" standalone="yes"?>
<rss version="2.0" xmlns:atom="http://www.w3.org/2005/Atom">
  <channel>
    <title>Tạo một chính sách đơn giản on TERRAFORM ON AWS WORKSHOP</title>
    <link>//localhost:1313/vi/8-policy-management-with-kyverno/8.1-creating-a-simple-policy/</link>
    <description>Recent content in Tạo một chính sách đơn giản on TERRAFORM ON AWS WORKSHOP</description>
    <generator>Hugo</generator>
    <language>vi</language>
    <atom:link href="//localhost:1313/vi/8-policy-management-with-kyverno/8.1-creating-a-simple-policy/index.xml" rel="self" type="application/rss+xml" />
  </channel>
</rss>
