<?xml version="1.0" encoding="utf-8" standalone="yes"?>
<rss version="2.0" xmlns:atom="http://www.w3.org/2005/Atom">
  <channel>
    <title>Docker và ContainerD on Kubernetes - EKS Workshop</title>
    <link>//localhost:1313/vi/1-introduce/1.2--docker-vs.-containerd/</link>
    <description>Recent content in Docker và ContainerD on Kubernetes - EKS Workshop</description>
    <generator>Hugo</generator>
    <language>vi</language>
    <atom:link href="//localhost:1313/vi/1-introduce/1.2--docker-vs.-containerd/index.xml" rel="self" type="application/rss+xml" />
  </channel>
</rss>
