<?xml version="1.0" encoding="utf-8" standalone="yes"?>
<rss version="2.0" xmlns:atom="http://www.w3.org/2005/Atom">
  <channel>
    <title>Kube Controller Manager on TERRAFORM ON AWS WORKSHOP</title>
    <link>/vi/7-kube-controller-manager/</link>
    <description>Recent content in Kube Controller Manager on TERRAFORM ON AWS WORKSHOP</description>
    <generator>Hugo -- gohugo.io</generator>
    <language>vi</language>
    <atom:link href="/vi/7-kube-controller-manager/index.xml" rel="self" type="application/rss+xml" />
  </channel>
</rss>
