<?xml version="1.0" encoding="utf-8" standalone="yes"?>
<rss version="2.0" xmlns:atom="http://www.w3.org/2005/Atom">
  <channel>
    <title>Viewing in CloudWatch on TERRAFORM ON AWS WORKSHOP</title>
    <link>/vi/4-logging-in-eks/4.1-control-plane-logs/4.1.2-viewing-in-cloudwatch/</link>
    <description>Recent content in Viewing in CloudWatch on TERRAFORM ON AWS WORKSHOP</description>
    <generator>Hugo -- gohugo.io</generator>
    <language>vi</language>
    <atom:link href="/vi/4-logging-in-eks/4.1-control-plane-logs/4.1.2-viewing-in-cloudwatch/index.xml" rel="self" type="application/rss+xml" />
  </channel>
</rss>
