<?xml version="1.0" encoding="utf-8" standalone="yes"?>
<rss version="2.0" xmlns:atom="http://www.w3.org/2005/Atom">
  <channel>
    <title>Giao tiếp giữa các Node và Control Plane on TERRAFORM ON AWS WORKSHOP</title>
    <link>/vi/1-introduce/1.1-cluster/3.2-communitcation/</link>
    <description>Recent content in Giao tiếp giữa các Node và Control Plane on TERRAFORM ON AWS WORKSHOP</description>
    <generator>Hugo -- gohugo.io</generator>
    <language>vi</language>
    <atom:link href="/vi/1-introduce/1.1-cluster/3.2-communitcation/index.xml" rel="self" type="application/rss+xml" />
  </channel>
</rss>
